65,2007-12-20 14:19:23
97,2001-02-07 04:16:13
54,2021-02-03 23:49:32
38,2009-11-26 19:10:28
86,2001-04-30 05:28:27
4,2001-01-21 18:45:32
97,2009-04-08 18:24:50
48,2009-12-25 06:55:55
12,2012-03-27 06:56:35
21,2001-10-31 10:36:33
83,2017-06-20 11:53:03
50,2019-03-09 12:50:39
72,2019-01-11 17:39:05
20,2015-07-22 01:07:22
38,2016-12-12 10:36:34
30,2005-08-11 03:19:01
88,2016-06-16 00:37:30
28,2000-07-05 14:49:16
97,2007-12-28 03:27:41
91,2006-05-18 08:25:44
73,2002-10-28 02:15:52
30,2003-04-01 19:06:34
40,2012-07-08 12:43:41
48,2012-09-08 05:14:28
56,2018-02-01 22:56:39
93,2009-06-25 06:34:03
94,2017-12-27 01:04:39
100,2018-04-09 03:25:58
67,2018-02-25 08:51:38
13,2020-02-09 09:20:08
5,2000-11-27 06:27:52
54,2006-04-01 05:39:51
4,2008-11-23 16:29:56
60,2004-08-10 22:05:32
47,2002-03-28 11:37:47
30,2017-06-19 23:47:55
27,2019-02-11 05:56:55
45,2014-09-10 17:30:57
62,2012-06-03 02:01:09
2,2019-03-17 22:30:30
39,2002-06-18 08:10:07
45,2006-04-30 20:45:41
100,2008-05-10 02:03:19
33,2003-10-04 00:49:52
71,2010-07-18 19:06:09
52,2021-08-19 02:03:47
93,2007-12-30 03:34:14
43,2020-10-18 01:03:07
80,2012-06-12 10:13:11
64,2002-03-27 23:21:44
26,2022-02-17 19:56:31
44,2020-04-20 21:47:44
67,2003-06-06 16:24:38
81,2004-07-16 03:13:34
41,2020-11-19 12:24:27
6,2010-05-24 08:20:15
59,2001-10-26 10:30:10
49,2014-03-09 08:35:19
78,2004-11-24 11:11:53
2,2014-07-18 05:30:05
10,2006-10-04 19:48:41
28,2001-02-22 08:17:38
42,2004-01-03 14:45:23
73,2020-12-18 12:08:41
86,2019-12-02 07:58:55
31,2012-05-05 20:02:52
89,2006-12-30 18:40:56
46,2009-06-16 01:41:44
82,2016-09-21 02:31:19
15,2020-10-28 02:38:32
100,2009-10-09 10:44:29
11,2014-08-11 22:45:08
78,2009-10-04 18:04:16
88,2017-05-15 21:27:37
33,2011-09-01 13:01:02
39,2014-07-20 03:02:44
34,2016-01-30 23:22:32
6,2005-06-27 15:53:28
2,2021-11-27 06:26:11
32,2005-12-06 00:25:39
18,2001-05-06 19:19:21
99,2019-04-27 21:00:51
73,2004-12-28 03:15:51
36,2011-06-21 04:57:15
8,2017-04-25 23:53:22
43,2015-09-25 11:18:15
84,2002-11-03 19:12:07
60,2011-11-29 00:38:12
3,2020-07-10 10:12:23
15,2011-12-03 08:29:12
53,2005-03-21 20:48:03
97,2006-01-09 18:02:12
100,2006-05-04 05:04:10
90,2001-10-14 13:41:53
56,2017-08-18 22:32:15
11,2004-10-16 11:08:41
63,2019-09-15 21:00:58
44,2022-10-26 15:53:23
53,2002-08-02 07:08:37
28,2011-02-07 12:11:42
